{
  "jcr:primaryType": "sling:OrderedFolder",
  "jcr:createdBy": "admin",
  "jcr:created": "Fri Jul 22 2016 12:13:06 GMT+0200",
  "D-1.1-aargauerzeitung.ch": {
    "jcr:primaryType": "nt:unstructured",
    "enabled": true,
    "host": "www.aargauerzeitung.ch",
    "sling:resourceType": "ubs/micci/pdfgenerator/snippet"
  },
  "D-2.1-afp.com": {
    "jcr:primaryType": "nt:unstructured",
    "enabled": true,
    "host": "www.afp.com",
    "sling:resourceType": "ubs/micci/pdfgenerator/snippet",
    "D-2.1-afp.com.js": {
      "jcr:primaryType": "nt:file",
      "jcr:createdBy": "admin",
      "jcr:created": "Fri Jul 22 2016 12:13:25 GMT+0200",
      "jcr:content": {
        "jcr:primaryType": "nt:resource",
        "jcr:lastModifiedBy": "admin",
        "jcr:mimeType": "application/javascript",
        "jcr:lastModified": "Fri Jul 22 2016 12:13:25 GMT+0200",
        ":jcr:data": 358,
        "jcr:uuid": "756f0175-d7ac-4b5d-9142-756d6bafe9a8"
      }
    }
  },
  "D-3.1-bilanz.ch": {
    "jcr:primaryType": "nt:unstructured",
    "enabled": true,
    "host": "www.bilanz.ch",
    "sling:resourceType": "ubs/micci/pdfgenerator/snippet",
    "D-3.1-bilanz.ch.js": {
      "jcr:primaryType": "nt:file",
      "jcr:createdBy": "admin",
      "jcr:created": "Fri Jul 22 2016 12:13:25 GMT+0200",
      "jcr:content": {
        "jcr:primaryType": "nt:resource",
        "jcr:lastModifiedBy": "admin",
        "jcr:mimeType": "application/javascript",
        "jcr:lastModified": "Fri Jul 22 2016 12:13:25 GMT+0200",
        ":jcr:data": 461,
        "jcr:uuid": "812c04a6-6039-40c8-b3eb-5b3d20d100c2"
      }
    }
  },
  "D-4.1-bloomberg.com": {
    "jcr:primaryType": "nt:unstructured",
    "enabled": true,
    "matcherPattern": "^(?!.*video).*$",
    "host": "www.bloomberg.com",
    "sling:resourceType": "ubs/micci/pdfgenerator/snippet",
    "D-4.1-bloomberg.com.js": {
      "jcr:primaryType": "nt:file",
      "jcr:createdBy": "admin",
      "jcr:created": "Fri Jul 22 2016 12:13:25 GMT+0200",
      "jcr:content": {
        "jcr:primaryType": "nt:resource",
        "jcr:lastModifiedBy": "admin",
        "jcr:mimeType": "application/javascript",
        "jcr:lastModified": "Fri Jul 22 2016 12:13:25 GMT+0200",
        ":jcr:data": 71,
        "jcr:uuid": "b424eedb-5877-4a26-9096-9abcbd9f100f"
      }
    }
  },
  "D-7.1-cnbc.com": {
    "jcr:primaryType": "nt:unstructured",
    "enabled": true,
    "host": "www.cnbc.com",
    "sling:resourceType": "ubs/micci/pdfgenerator/snippet",
    "D-7.1-cnbc.com.js": {
      "jcr:primaryType": "nt:file",
      "jcr:createdBy": "admin",
      "jcr:created": "Fri Jul 22 2016 12:13:25 GMT+0200",
      "jcr:content": {
        "jcr:primaryType": "nt:resource",
        "jcr:lastModifiedBy": "admin",
        "jcr:mimeType": "application/javascript",
        "jcr:lastModified": "Fri Jul 22 2016 12:13:25 GMT+0200",
        ":jcr:data": 351,
        "jcr:uuid": "cf9ca395-16eb-49d6-8a8a-09f9ae76841c"
      }
    }
  },
  "D-8.1-aboutus.ft.com": {
    "jcr:primaryType": "nt:unstructured",
    "enabled": true,
    "host": "aboutus.ft.com",
    "sling:resourceType": "ubs/micci/pdfgenerator/snippet",
    "D-8.1-aboutus.ft.com.js": {
      "jcr:primaryType": "nt:file",
      "jcr:createdBy": "admin",
      "jcr:created": "Fri Jul 22 2016 12:13:25 GMT+0200",
      "jcr:content": {
        "jcr:primaryType": "nt:resource",
        "jcr:lastModifiedBy": "admin",
        "jcr:mimeType": "application/javascript",
        "jcr:lastModified": "Fri Jul 22 2016 12:13:25 GMT+0200",
        ":jcr:data": 255,
        "jcr:uuid": "d342af76-ed36-4f88-be44-37a523e45ce7"
      }
    }
  },
  "D-8.2-ft.com": {
    "jcr:primaryType": "nt:unstructured",
    "enabled": false,
    "host": "www.ft.com",
    "sling:resourceType": "ubs/micci/pdfgenerator/snippet",
    "D-8.2-ft.com.js": {
      "jcr:primaryType": "nt:file",
      "jcr:createdBy": "admin",
      "jcr:created": "Fri Jul 22 2016 12:13:25 GMT+0200",
      "jcr:content": {
        "jcr:primaryType": "nt:resource",
        "jcr:lastModifiedBy": "admin",
        "jcr:mimeType": "application/javascript",
        "jcr:lastModified": "Fri Jul 22 2016 12:13:25 GMT+0200",
        ":jcr:data": 932,
        "jcr:uuid": "94c14c06-651a-4e75-a670-c316cf34f3c4"
      }
    }
  },
  "D-9.1-handelszeitung.ch": {
    "jcr:primaryType": "nt:unstructured",
    "enabled": true,
    "host": "www.tagesanzeiger.ch",
    "sling:resourceType": "ubs/micci/pdfgenerator/snippet",
    "D-9.1-handelszeitung.ch.js": {
      "jcr:primaryType": "nt:file",
      "jcr:createdBy": "admin",
      "jcr:created": "Fri Jul 22 2016 12:13:25 GMT+0200",
      "jcr:content": {
        "jcr:primaryType": "nt:resource",
        "jcr:lastModifiedBy": "admin",
        "jcr:mimeType": "application/javascript",
        "jcr:lastModified": "Fri Jul 22 2016 12:13:25 GMT+0200",
        ":jcr:data": 274,
        "jcr:uuid": "b6acc83a-0402-49e4-9674-a0e74485a6f5"
      }
    }
  },
  "D-10.1-ilsole24ore": {
    "jcr:primaryType": "nt:unstructured",
    "enabled": true,
    "host": "www.ilsole24ore.com",
    "sling:resourceType": "ubs/micci/pdfgenerator/snippet",
    "D-10.1-ilsole24ore.js": {
      "jcr:primaryType": "nt:file",
      "jcr:createdBy": "admin",
      "jcr:created": "Fri Jul 22 2016 12:13:25 GMT+0200",
      "jcr:content": {
        "jcr:primaryType": "nt:resource",
        "jcr:lastModifiedBy": "admin",
        "jcr:mimeType": "application/javascript",
        "jcr:lastModified": "Fri Jul 22 2016 12:13:25 GMT+0200",
        ":jcr:data": 609,
        "jcr:uuid": "b5415579-c68a-44c9-9a28-81ee80bbce45"
      }
    }
  },
  "D-11.1-lexisnexis": {
    "jcr:primaryType": "nt:unstructured",
    "enabled": true,
    "host": "www6.lexisnexis.com",
    "sling:resourceType": "ubs/micci/pdfgenerator/snippet",
    "D-11.1-lexisnexis.js": {
      "jcr:primaryType": "nt:file",
      "jcr:createdBy": "admin",
      "jcr:created": "Fri Jul 22 2016 12:13:25 GMT+0200",
      "jcr:content": {
        "jcr:primaryType": "nt:resource",
        "jcr:lastModifiedBy": "admin",
        "jcr:mimeType": "application/javascript",
        "jcr:lastModified": "Fri Jul 22 2016 12:13:25 GMT+0200",
        ":jcr:data": 1136,
        "jcr:uuid": "39c1bf03-48a5-48fe-88b0-cb8359a47f85"
      }
    }
  },
  "D-12.1-content-moreover": {
    "jcr:primaryType": "nt:unstructured",
    "enabled": true,
    "host": "content.moreover.com",
    "sling:resourceType": "ubs/micci/pdfgenerator/snippet",
    "D-12.1-content-moreover.js": {
      "jcr:primaryType": "nt:file",
      "jcr:createdBy": "admin",
      "jcr:created": "Fri Jul 22 2016 12:13:25 GMT+0200",
      "jcr:content": {
        "jcr:primaryType": "nt:resource",
        "jcr:lastModifiedBy": "admin",
        "jcr:mimeType": "application/javascript",
        "jcr:lastModified": "Fri Jul 22 2016 12:13:25 GMT+0200",
        ":jcr:data": 473,
        "jcr:uuid": "4f4b399b-3a43-4e83-9492-ea26cae3abad"
      }
    }
  },
  "D-12.1-newsdesk-moreover": {
    "jcr:primaryType": "nt:unstructured",
    "enabled": true,
    "host": "newsdesk.moreover.com",
    "sling:resourceType": "ubs/micci/pdfgenerator/snippet",
    "D-12.1-newsdesk-moreover.js": {
      "jcr:primaryType": "nt:file",
      "jcr:createdBy": "admin",
      "jcr:created": "Fri Jul 22 2016 12:13:25 GMT+0200",
      "jcr:content": {
        "jcr:primaryType": "nt:resource",
        "jcr:lastModifiedBy": "admin",
        "jcr:mimeType": "application/javascript",
        "jcr:lastModified": "Fri Jul 22 2016 12:13:25 GMT+0200",
        ":jcr:data": 473,
        "jcr:uuid": "d93d62b2-cc73-47a8-91fa-7efe0d5bbfdb"
      }
    }
  },
  "D-12.2.newsdesk-feeds.moreover.com": {
    "jcr:primaryType": "nt:unstructured",
    "enabled": true,
    "host": "newsdesk-feeds.moreover.com",
    "sling:resourceType": "ubs/micci/pdfgenerator/snippet",
    "D-12.2.newsdesk-feeds.moreover.com.js": {
      "jcr:primaryType": "nt:file",
      "jcr:createdBy": "admin",
      "jcr:created": "Fri Jul 22 2016 12:13:25 GMT+0200",
      "jcr:content": {
        "jcr:primaryType": "nt:resource",
        "jcr:lastModifiedBy": "admin",
        "jcr:mimeType": "application/javascript",
        "jcr:lastModified": "Fri Jul 22 2016 12:13:25 GMT+0200",
        ":jcr:data": 71,
        "jcr:uuid": "eb71db8e-a46c-44a6-b838-daf7da3575b2"
      }
    }
  },
  "D-13.1-nla-eclipse.com": {
    "jcr:primaryType": "nt:unstructured",
    "enabled": true,
    "host": "www.nla-eclips.com",
    "sling:resourceType": "ubs/micci/pdfgenerator/snippet",
    "D-13.1-nla-eclipse.com.js": {
      "jcr:primaryType": "nt:file",
      "jcr:createdBy": "admin",
      "jcr:created": "Fri Jul 22 2016 12:13:25 GMT+0200",
      "jcr:content": {
        "jcr:primaryType": "nt:resource",
        "jcr:lastModifiedBy": "admin",
        "jcr:mimeType": "application/javascript",
        "jcr:lastModified": "Fri Jul 22 2016 12:13:25 GMT+0200",
        ":jcr:data": 905,
        "jcr:uuid": "489a9a50-097c-417f-8d5c-e6788d199fa9"
      }
    }
  },
  "D-14.1-uk-reuters": {
    "jcr:primaryType": "nt:unstructured",
    "enabled": true,
    "matcherPattern": "uk.reuters.com",
    "host": "uk.reuters.com",
    "sling:resourceType": "ubs/micci/pdfgenerator/snippet",
    "D-14.1-uk-reuters.js": {
      "jcr:primaryType": "nt:file",
      "jcr:createdBy": "admin",
      "jcr:created": "Fri Jul 22 2016 12:13:25 GMT+0200",
      "jcr:content": {
        "jcr:primaryType": "nt:resource",
        "jcr:lastModifiedBy": "admin",
        "jcr:mimeType": "application/javascript",
        "jcr:lastModified": "Fri Jul 22 2016 12:13:25 GMT+0200",
        ":jcr:data": 505,
        "jcr:uuid": "67b9ef5e-baf9-4f15-a058-ea88d8db3d3f"
      }
    }
  },
  "D-14.2-reuters": {
    "jcr:primaryType": "nt:unstructured",
    "enabled": true,
    "host": "www.reuters.com",
    "sling:resourceType": "ubs/micci/pdfgenerator/snippet",
    "D-14.2-reuters.js": {
      "jcr:primaryType": "nt:file",
      "jcr:createdBy": "admin",
      "jcr:created": "Fri Jul 22 2016 12:13:25 GMT+0200",
      "jcr:content": {
        "jcr:primaryType": "nt:resource",
        "jcr:lastModifiedBy": "admin",
        "jcr:mimeType": "application/javascript",
        "jcr:lastModified": "Fri Jul 22 2016 12:13:25 GMT+0200",
        ":jcr:data": 1131,
        "jcr:uuid": "f6bd7151-f647-48cb-8c52-5e95759e6637"
      }
    }
  },
  "D-14.2-blogs-reuters": {
    "jcr:primaryType": "nt:unstructured",
    "enabled": true,
    "host": "blogs.reuters.com",
    "sling:resourceType": "ubs/micci/pdfgenerator/snippet",
    "D-14.2-blogs-reuters.js": {
      "jcr:primaryType": "nt:file",
      "jcr:createdBy": "admin",
      "jcr:created": "Fri Jul 22 2016 12:13:25 GMT+0200",
      "jcr:content": {
        "jcr:primaryType": "nt:resource",
        "jcr:lastModifiedBy": "admin",
        "jcr:mimeType": "application/javascript",
        "jcr:lastModified": "Fri Jul 22 2016 12:13:25 GMT+0200",
        ":jcr:data": 1131,
        "jcr:uuid": "497b604a-e25f-4209-832c-6182d8374cb6"
      }
    }
  },
  "D-15.1-schweizamsonntag": {
    "jcr:primaryType": "nt:unstructured",
    "enabled": true,
    "host": "www.schweizamsonntag.ch",
    "sling:resourceType": "ubs/micci/pdfgenerator/snippet",
    "D-15.1-schweizamsonntag.js": {
      "jcr:primaryType": "nt:file",
      "jcr:createdBy": "admin",
      "jcr:created": "Fri Jul 22 2016 12:13:25 GMT+0200",
      "jcr:content": {
        "jcr:primaryType": "nt:resource",
        "jcr:lastModifiedBy": "admin",
        "jcr:mimeType": "application/javascript",
        "jcr:lastModified": "Fri Jul 22 2016 12:13:25 GMT+0200",
        ":jcr:data": 554,
        "jcr:uuid": "e631d880-e5a3-4f07-bb0d-41ab8afb5997"
      }
    }
  },
  "D-16.1-spiegel_de": {
    "jcr:primaryType": "nt:unstructured",
    "enabled": true,
    "host": "www.spiegel.de",
    "sling:resourceType": "ubs/micci/pdfgenerator/snippet",
    "D-16.1-spiegel_de.js": {
      "jcr:primaryType": "nt:file",
      "jcr:createdBy": "admin",
      "jcr:created": "Fri Jul 22 2016 12:13:25 GMT+0200",
      "jcr:content": {
        "jcr:primaryType": "nt:resource",
        "jcr:lastModifiedBy": "admin",
        "jcr:mimeType": "application/javascript",
        "jcr:lastModified": "Fri Jul 22 2016 12:13:25 GMT+0200",
        ":jcr:data": 452,
        "jcr:uuid": "cce3e011-5538-41d7-aa5a-70ffe4b49d7b"
      }
    }
  },
  "D-17.1-srf": {
    "jcr:primaryType": "nt:unstructured",
    "enabled": true,
    "host": "www.srf.ch",
    "sling:resourceType": "ubs/micci/pdfgenerator/snippet",
    "D-17.1-srf.js": {
      "jcr:primaryType": "nt:file",
      "jcr:createdBy": "admin",
      "jcr:created": "Fri Jul 22 2016 12:13:25 GMT+0200",
      "jcr:content": {
        "jcr:primaryType": "nt:resource",
        "jcr:lastModifiedBy": "admin",
        "jcr:mimeType": "application/javascript",
        "jcr:lastModified": "Fri Jul 22 2016 12:13:25 GMT+0200",
        ":jcr:data": 484,
        "jcr:uuid": "02ff4991-fee4-426d-a201-113d42058d06"
      }
    }
  },
  "D-18.1-html-swissdox": {
    "jcr:primaryType": "nt:unstructured",
    "enabled": true,
    "matcherPattern": "action\\=rssdocumentview",
    "host": "www.swissdox.ch",
    "sling:resourceType": "ubs/micci/pdfgenerator/snippet",
    "D-18.1-html-swissdox.js": {
      "jcr:primaryType": "nt:file",
      "jcr:createdBy": "admin",
      "jcr:created": "Fri Jul 22 2016 12:13:25 GMT+0200",
      "jcr:content": {
        "jcr:primaryType": "nt:resource",
        "jcr:lastModifiedBy": "admin",
        "jcr:mimeType": "application/javascript",
        "jcr:lastModified": "Fri Jul 22 2016 12:13:25 GMT+0200",
        ":jcr:data": 413,
        "jcr:uuid": "4a7f9677-b4f3-4561-8404-a2cd18135244"
      }
    }
  },
  "D-18.1-swissdox": {
    "jcr:primaryType": "nt:unstructured",
    "enabled": true,
    "matcherPattern": "action\\=rsspdfdocumentview",
    "host": "www.swissdox.ch",
    "sling:resourceType": "ubs/micci/pdfgenerator/snippet",
    "D-18.1-swissdox.js": {
      "jcr:primaryType": "nt:file",
      "jcr:createdBy": "admin",
      "jcr:created": "Fri Jul 22 2016 12:13:25 GMT+0200",
      "jcr:content": {
        "jcr:primaryType": "nt:resource",
        "jcr:lastModifiedBy": "admin",
        "jcr:mimeType": "application/javascript",
        "jcr:lastModified": "Fri Jul 22 2016 12:13:25 GMT+0200",
        ":jcr:data": 660,
        "jcr:uuid": "d87bdc2f-7a11-4832-881a-d304ba6d9ae1"
      }
    }
  },
  "D-19.1-tagesanzeiger": {
    "jcr:primaryType": "nt:unstructured",
    "enabled": true,
    "host": "www.tagesanzeiger.ch",
    "sling:resourceType": "ubs/micci/pdfgenerator/snippet",
    "D-19.1-tagesanzeiger.js": {
      "jcr:primaryType": "nt:file",
      "jcr:createdBy": "admin",
      "jcr:created": "Fri Jul 22 2016 12:13:25 GMT+0200",
      "jcr:content": {
        "jcr:primaryType": "nt:resource",
        "jcr:lastModifiedBy": "admin",
        "jcr:mimeType": "application/javascript",
        "jcr:lastModified": "Fri Jul 22 2016 12:13:25 GMT+0200",
        ":jcr:data": 366,
        "jcr:uuid": "81d23767-f7f4-4c52-a950-9f101bf97600"
      }
    }
  },
  "D-20.1-telegraph.co.uk": {
    "jcr:primaryType": "nt:unstructured",
    "enabled": true,
    "host": "www.telegraph.co.uk",
    "sling:resourceType": "ubs/micci/pdfgenerator/snippet",
    "D-20.1-telegraph.co.uk.js": {
      "jcr:primaryType": "nt:file",
      "jcr:createdBy": "admin",
      "jcr:created": "Fri Jul 22 2016 12:13:25 GMT+0200",
      "jcr:content": {
        "jcr:primaryType": "nt:resource",
        "jcr:lastModifiedBy": "admin",
        "jcr:mimeType": "application/javascript",
        "jcr:lastModified": "Fri Jul 22 2016 12:13:25 GMT+0200",
        ":jcr:data": 253,
        "jcr:uuid": "f44d7b51-91d2-4469-9c3b-86ff080aa3a4"
      }
    }
  }
}